"Co-design activity 1 Group Reflection_Group 2","Co-design activity 1 Group Reflection_Group 2","6","[ -
COLLINTERACTIVE CLASS
Technology Supported Learning
Mobile Technology
Augmented Reality
Seemless Technology (OLED)
Human Factors
Teachers
Students
Collinteractive Class is A class environment (virtual) which facilitate collaborative, constructive and interactive learning supported by ICT enhancement (reach media).- ]","2017-10-03 13:39:52"
"Co-design activity 1_Group 2","Co-design activity 1_Group 2","1","[ -Students are morecapable of interacting with each other and instuctors usingubiquitous interactive screens- ]","2017-09-19 14:47:39"
"Co-design activity 1_Group 2","Co-design activity 1_Group 2","1","Technology is never step backward. It alwaysevolve. As well as education. Todays technology has integrated to education.","2017-09-19 14:51:59"
"Co-design activity 1_Group 2","Co-design activity 1_Group 2","1","[ -With the development of digital industry, one machine will eventually become the mainstream of the next generation,Students learn through the practical action of the vehicle, no more difficult.- ]","2017-09-19 14:54:40"
"Co-design activity 1_Group 2","Co-design activity 1_Group 2","1","[ -Paperless comes trueas images, charts or words onone screen are able to be copied to any other screen instantly and effortlessly- ]","2017-09-19 14:55:13"
"Co-design activity 1_Group 2","Co-design activity 1_Group 2","1","Technology and education are the most essential things in people's life. It helps us to compete in the 21st century. The video shows the future classroom setting which provided easiest way to do anything. Nowadays it helps teachers to revamping the traditional class lecture for learning.","2017-09-19 14:56:45"
"Co-design activity 1_Group 2","Co-design activity 1_Group 2","3","[ -When the new technology hardware and software into the classroom, the teacher for the use of teaching, will be homeopathy to adjust the original way; this time, technology may accelerate the education upgrade to 4.0 times, so that students really become the main learning.- ]","2017-09-19 15:00:33"
"Co-design activity 1_Group 2","Co-design activity 1_Group 2","1","Future technology will be:
- Augmented (Real-time and real environment experience)
- Seamless (We can use any media to get information: cards, papers, walls, etc)
- Portable (not depends on place and tools)
- Timeless (not depends on schedules)","2017-09-19 15:02:56"
"Co-design activity 1_Group 2","Co-design activity 1_Group 2","3","Some of these are already available or around the corner.
Advantages
&gt;No languge barriers.
&gt;Makes it much easier to proceed ICT based learning and social interaction at a global level.
&gt;COIL will be easier
Problems and Questions remains.
&gt;Peoples' ICT literacy.
&gt;Sustainability of the society where technology is highly appreciated at this level?
&gt;Leak of information could directly lead to destruction of one's life.
&gt;Singularity issue.
&gt; Translator (as a job) dissapears.","2017-09-19 15:04:06"
"Co-design activity 1_Group 2","Co-design activity 1_Group 2","3","[ -Education New Technology&gt; AR (Virtual Reality), VR (Virtual Reality), MR (Mixed Realism)- ]","2017-09-19 15:12:14"
"Co-design activity 1_Group 2","Co-design activity 1_Group 2","1","Use of wireless technologies and devices facilitate real-time and ubiquitouslearning, teaching and discussion.","2017-09-19 15:13:17"
"Co-design activity 1_Group 2","Co-design activity 1_Group 2","3","[ -Even if the use of technology is important, the essential aspects of learning and instruction must be the most to be considered-- ]","2017-09-19 15:17:33"
"Co-design activity 1_Group 2","Co-design activity 1_Group 2","2","But the most importantly is that we should not be dominated by this rapidly growing of communication technology, then this becomes an irony.","2017-09-19 15:17:45"
"Co-design activity 1_Group 2","Co-design activity 1_Group 2","1","Technology in need to thrive in this century","2017-09-19 15:17:55"
"Co-design activity 1_Group 2","Co-design activity 1_Group 2","2","According to the theory of 'doing the middle school' proposed by the educational scholar Dewey, many of the original boring courses are centered on 'student' -based interactive teaching, which is more centered on the 'teacher' than the traditional 'teacher' The one-way teaching model is more effective.","2017-09-19 15:19:11"
"Co-design activity 1_Group 2","Co-design activity 1_Group 2","1","issues most widely grown today is to humanize people while giving a lesson even teacher as a mere fasilitator","2017-09-19 15:22:17"
"Co-design activity 1_Group 2","Co-design activity 1_Group 2","1","[ - refers to the last meeting with Prof. Wu, he wanted us to refine our design regarding future classroom.
it's a human dimention era, what's we can do to the creative and innovative human being for next? that's a big question. Now, technology has changed the way of thinking, ways of learning and the meaning of education, from the teachers as the focus of teaching learning process into teachers as mere facilitators. also now, successful learning is measured by the studentâ€™s individual ability to apply the models of learning and to use appropriate tools and information given by teacher to solve the problem they face in teaching learning process. if you're agreed, I offer you a future class looks a like :D
1. as a mere fasilitator, teacher must have a remarkable instructional for teaching as a trigger for students. include (brainstorming, explanation, task and feedback) (need an improve :D)
2. Technological support.I wondering, there will be a flexible and tech-friendly class where the whiteboard as a moving screen that is located not only in front of the class, but also on the right, left, and behind the students like the wall. With technological sophistication in the future (show's on youtube),it is very possible happen especially on subjects that require groups. so the student can see what happen on the screen from all direction. (also need improve :D)
3. evaluation. The last point that I offer you is an evaluation. evaluation should not be stiff at all (remain: at all) in order for students that can bring out theor creativity and ideas then teachers will need an instrument for that.
just like completing a mission in a game, there is always an achievement when we reach the target that given by and there is always a bonus if we do it better. (really need an improvement :D)
is that all guys.
cheers, icha.
- ]","2017-09-24 18:48:05"
"Co-design activity 1_Group 2","Co-design activity 1_Group 2","1","[ - Science the technology and innovation are the key factors in the global world, intensive knowledge is highly needed. Nowadays, we all must know that the improvement of technology is growing rapidly and of course bring many changes to the worlds' culture. Rapid development of technology is indeed bring a lot of positive influence for humans in all over the world.
Some positive effects of the development of technology as follows:
1. Exchange of information is going on very quickly.
2. Facilitate human work.
3. Work becomes more effective and efficient, etc
Here is my idea about future classroom model ;
The future of teachers and students in this high technological era is no longer limited by the time and classrooms that are in the educational setting but teachers and students are already connected to a network of computers and the Net. Back to home and if the students want to consult with the teacher they can do via Net. Schools can even establish virtual classrooms for students to solve their problems or to explore different lessons that interest them. Teachers and students from different classes and levels can join the discussion in this virtual classroom. Learning becomes infinite in space and time. Distance learning and teaching via the Internet can be done effectively so that students go to school giving the possibility of not only gaining knowledge and socialization process that can not be obtained in learning via the internet. Computers can not take on all school functions but in the dissemination of information technology, it can shift from centralized, shared learning to individualized, decentralized learning. - ]","2017-09-25 13:12:59"
"Co-design activity 1_Group 2","Co-design activity 1_Group 2","5","[ - the idea about online consulting is a good keith :D, maybe teacher need an extra time for their student with the schedule so it will not disturb teacher's activity. then keith, in your idea ... how the class looks a like ?- ]","2017-09-25 22:34:00"
"Co-design activity 1_Group 2","Co-design activity 1_Group 2","6","[ -
Currently, interactive display technology has been developed intoOrganic Light-Emitting Diode (OLED). OLED is a semiconductor as a light emitter made of organic layers. Itis used in electroluminency technology, such as in screen or sensor display applications in order to make screen or display area to be more flexible and portable.
Imagine how easy it would be to share informations and knowledge if everyone has this tool. The problem is, OLED technology is still very expensive and yet affordable.
- ]","2017-09-26 08:07:55"
"Co-design activity 1_Group 2","Co-design activity 1_Group 2","6","[ -
Using OLED Display, or even Virtual Reality environment, and networking technologies, learners from different communities all over the world are expected to collaborate with each other in learning system. Classes or coursescan be conductedanywhere, anytime. Each member of community can share ideas in interaction to solve more problems in real life situation.
The main requirements are the availability of facilitators (teachers / systems), students as learners, instructional contents- with intention that the learning objectives can be evaluated, as well as the supporting media.
- ]","2017-09-26 08:15:35"
"Co-design activity 1_Group 2","Co-design activity 1_Group 2","6","[ - Hallo Icha, Here's the specific design of my idea;
I actually offer virtual environment with collaborative object. I use 'Learning Circle' concept for this kind of design.
[ - 'Learning circles' is type projects combine distance learning with traditional learning being perceived as a complex of human networks requiring adequate technical, human, financial and procedural management (Brown, 1993).
'Learning circles' promote projects based activities on a given Topic incorporating them into curriculum.- ]
[ -- The classroom model by using â€œLearning Circles' model, consist of teachers (Depends on class) that together with students in their school carry out activities in the topic of interest to the group. (the process will descbribe latter)
The concept of 'learning circle' involves both school and local community. One can refer to it as a virtual classroom because once formed the group is working together for a period of 4-5 months based on a curriculum established in relation to the selected topic.
At the end of the activity, the group publishes their work product using some provided media (facebook, etc.)
Such materials can be educational materials for other teachers and students who did not participate in the project. Each session at the start of a new 'learning circle' will form a new virtual classroom. The major advantage of the activity in this type of project is that both students and teachers acquire new experiences.
It can be said that activities allow members of the local community as well (scientists, artists, etc.) to participate in projects by utilizing the provide media.","2017-09-26 10:04:03"
"Co-design activity 1_Group 2","Co-design activity 1_Group 2","2","COLLINTERACTIVE CLASS
Technology Supported Learning
Mobile Technology
Augmented Reality
Seemless Technology (OLED)
Human Factors
Teachers
Students
Collinteractive Class is A class environment (virtual) which facilitate collaborative, constructive and interactive learning supported by ICT enhancement (reach media).-","2017-10-03 14:06:46"
"Co-design activity 1_Group 2","Co-design activity 1_Group 2","6 ","[ - for students as a native technology, teacher need remarkable instructional- ]","2017-10-03 14:07:27"
"Co-design activity 1_Group 3","Co-design activity 1_Group 3","1","1. VR AR MR åƒæ˜¯microsoft hololens
2.å¤šäººè¦–è¨Šé”æˆé è·æ•™å­¸ï¼ˆHBX Intros HBX Live Virtual Classroomï¼‰
Image -> https://kf6.ikit.org//attachments/599c26851226781b09026d59/59c0be8d80921b270a947a25/1/20150825hbxlive.jpg
https://poetsandquants.com/2017/03/17/hbs-launches-first-real-time-online-class/
3.ä¸Šèª²å¯é€éŽç›´æ’­çš„æ–¹å¼å¯ä»¥ç›´æŽ¥åœ¨ç¶²è·¯ä¸ŠæŸ¥çœ‹ä¸¦è‡ªå‹•ç”¢ç”Ÿç¿»è­¯å­—å¹•","2017-09-19 14:50:25"
"Co-design activity 1_Group 3","Co-design activity 1_Group 3","1","ç›´æŽ¥åœ¨æ¡Œé¢ä¸Šä½¿ç”¨é¡žä¼¼å°ç•«å®¶çš„åŠŸèƒ½
Image -> https://kf6.ikit.org//attachments/599c26851226781b09026d59/59c0c0f980921b270a947fb1/1/2.PNG","2017-09-19 14:53:30"
"Co-design activity 1_Group 3","Co-design activity 1_Group 3","1","éš¨æ™‚éš¨åœ°å¯ä»¥çœ‹åˆ°æ­£åœ¨ä¸Šèª²çš„å½±åƒã€‚
Image -> https://kf6.ikit.org//attachments/599c26851226781b09026d59/59c0c1c980921b270a948159/1/æ“·å–.PNG","2017-09-19 14:57:03"
"Co-design activity 1_Group 3","Co-design activity 1_Group 3","2","æœªä¾†æ•™å®¤
å„ªé»ž:
1.æ¸›å°‘ç´™æœ¬ä¸Šçš„ä½¿ç”¨ï¼Œç¯€èƒ½æ¸›ç¢³ã€‚
2.å¯ä»¥å°‡é¢æ¿ä¸Šçš„æ±è¥¿å¯ä»¥æ‹–ç§»è‡³è‡ªå·±çš„éš¨èº«è¨­å‚™ (å¹³æ¿ã€æ‰‹æ©Ÿç­‰.....)
3.åˆ©ç”¨è§¸æŽ§é¢æ¿ä½¿å¾—å­¸ç¿’æ›´åŠ ä¾¿åˆ©ã€‚
ç¼ºé»ž:
1.è¨­å‚™è¶Šå¤šï¼Œè¦ç¶­è­·ä¸æ˜“ã€‚
2.è¦ä½¿ç”¨æ›´åŠ å…ˆé€²çš„è¨­å‚™ï¼Œéœ€è¦çš„è³‡é‡‘æˆæœ¬è¶Šé«˜ã€‚","2017-09-19 14:59:08"
"Co-design activity 1_Group 3","Co-design activity 1_Group 3","2","æ„Ÿè¦ºæŸ¥å¤©æ°£æˆ–ç¶²é ä¹‹é¡žçš„è³‡è¨Šï¼Œç¾åœ¨ä¸€èˆ¬çš„æ‰‹æ©Ÿæˆ–é›»è…¦æˆ–å¹³æ¿ä¹Ÿèƒ½åšåˆ°ã€‚
Image -> https://kf6.ikit.org//attachments/599c26851226781b09026d59/59c0c5b780921b270a948c3d/1/æ“·å–.PNG","2017-09-19 14:59:32"
"Co-design activity 1_Group 3","Co-design activity 1_Group 3","2","å°‡ä¸Šèª²å½±ç‰‡(ç”šè‡³æ˜¯ä¸Šèª²çš„ç›´æ’­) åˆ†çµ„è¨Žè«– å›žå®¶ä½œæ¥­ æ•™æç­‰å»ºç«‹ä¸€å€‹çµ±ä¸€çš„æ•™å­¸å¹³å°é¡žä¼¼google classroomä½†æ˜¯å°‡ä¸Šèª²å…§å®¹åŠ é€²åŽ»","2017-09-19 15:09:24"
"Co-design activity 1_Group 3","Co-design activity 1_Group 3","1","æœ‰é»žåƒç¹ªåœ–æ¿çš„ä½¿ç”¨
å¥½è™•åœ¨æ–¼å¯ä»¥ä¸€æ”¯ç­†éš¨è™•ä½¿ç”¨ï¼Œä¸ç”¨å†é™å®šæ–¼ä¸€å€‹é¢æ¿é…ä¸€æ”¯ç­†ã€‚","2017-09-19 15:13:11"
"Co-design activity 1_Group 3","Co-design activity 1_Group 3","1","å„ªé»ž:
ç”¨ä¸€å€‹é¢æ¿ç•«ç•«ä½¿ç•«å‡ºä¾†çš„æ±è¥¿èƒ½å¤ ç§»å‹•ï¼Œå¯ä»¥ç¯€çœè€å¸«æº–å‚™æ•™æçš„æ™‚é–“ã€‚
Image -> https://kf6.ikit.org//attachments/599c26851226781b09026d59/59c0c49480921b270a948972/1/æ“·å–.PNG
å»ºè­° :
å¯ä»¥è®Šæˆç«‹é«”é¡¯ç¤ºï¼Œé€™æ¨£è€å¸«åœ¨æ•™ç©ºé–“æ¦‚å¿µçš„æ™‚å€™ï¼Œå­¸ç”Ÿæ¯”è¼ƒå¯ä»¥æƒ³åƒ","2017-09-19 15:14:02"
"Co-design activity 1_Group 3","Co-design activity 1_Group 3","3","åƒç¾åœ¨çš„ç·šä¸Šç¿»è½‰å¼å¹³å°ï¼Œå­¸ç”ŸåŠ å…¥èª²ç¨‹å¾Œï¼Œå¯ä»¥çœ‹åˆ°è€å¸«çš„å½±ç‰‡ã€æ•™æã€ç•™è¨€ç‰ˆç­‰ç­‰çš„åŠŸèƒ½(ex:ç£¨èª²å¸«)
http://taiwanmooc.org/","2017-09-19 15:15:58"
"Co-design activity 1_Group 3","Co-design activity 1_Group 3","4","åœ¨æ¡Œé¢ä¸Šé»žæ“Šè§¸ç¢°åŠ ç†±ï¼Œæœƒä¸æœƒé€ æˆæœ‰èª¤è§¸çš„å±éšªï¼Ÿ
Image -> https://kf6.ikit.org//attachments/599c26851226781b09026d59/59c0c6d280921b270a948d8f/1/æ“·å–.PNG","2017-09-19 15:16:28"
"Co-design activity 1_Group 3","Co-design activity 1_Group 3","3","å¯ä»¥é€éŽç©¿æˆ´å¼çœ¼é¡å¯¦ç¾
https://www.youtube.com/watch?v=Qe232PnC8xk","2017-09-19 15:17:10"
"Co-design activity 1_Group 3","Co-design activity 1_Group 3","2","é€™å ±ç´™æœ‰ä¸€å€‹å¥½è™•æ˜¯å¯ä»¥åœ¨åŒä¸€å€‹é é¢æŸ¥çœ‹å¾ˆå¤šäº‹æƒ…ï¼Œè€Œä¸”å¯ä»¥åœ¨åŒä¸€å€‹å€å¡Šæ›´æ–°ã€‚","2017-09-19 15:24:37"
"Co-design activity 1_Group 3","Co-design activity 1_Group 3","2","æˆ‘èªç‚ºMRæ··åˆå¯¦å¢ƒæ˜¯æŠŠVRè™›æ“¬å¯¦å¢ƒ+ARæ“´å¢žå¯¦å¢ƒçµåˆåœ¨ä¸€èµ·ï¼Œç§‘æŠ€çš„æ”¹è®Šæ˜¯ç‚ºäº†è®“ç”Ÿæ´»æ›´ä¾¿åˆ©ï¼Œä¹Ÿèƒ½è§£æ±ºä¸€äº›ä¸èƒ½åˆ°å­¸æ ¡ä¸Šèª²çš„å­¸ç”Ÿï¼Œæ–¹ä¾¿å¥¹å€‘å¯ä»¥åœ¨å®¶é«”é©—çœŸå¯¦ä¸Šèª²çš„æƒ…æ³ï¼Œæ‰€ä»¥å¦‚æžœå¯ä»¥æŠŠMRåŠ ä¸Šäººå·¥æ™ºæ…§å¯ä»¥æ›´æœ‰å¯¦éš›é«”é©—çš„æ„Ÿè¦ºã€‚
æœªä¾†ç§‘æŠ€è¶¨å‹¢:
http://www.cw.com.tw/article/article.action?id=5079771 (Link->http://www.cw.com.tw/article/article.action?id=5079771)","2017-09-19 16:13:52"
"Co-design activity 1_Group 3","Co-design activity 1_Group 3","4","è‹¥æ˜¯ä½¿ç”¨å½±ç‰‡ä¸Šèª²ï¼Œä¸¦ä¸çŸ¥é“å­¸ç”Ÿæ˜¯å¦æœ‰æ­£åœ¨é—œæ³¨åœ¨èª²å ‚ä¸Š","2017-09-19 16:14:50"
"Co-design activity 1_Group 3","Co-design activity 1_Group 3","2","å¯ä»¥é€éŽå®‰å…¨æ©Ÿåˆ¶æ”¹å–„ï¼Œæˆ–æ˜¯é–‹å•Ÿé–‹é—œæœƒæœ‰è²éŸ³æç¤ºï¼Œå°±çŸ¥é“é–‹é—œå·²é–‹å•Ÿè¦å°å¿ƒã€‚","2017-09-19 16:17:49"
"Co-design activity 1_Group 3","Co-design activity 1_Group 3",,"éš¨æ™‚éš¨åœ°éƒ½å¯ä»¥çœ‹çš„å½±ç‰‡æ‡‰è©²å¯ä»¥ç”¨æ–¼è‡ªä¸»å­¸ç¿’æˆ–èª²å¾Œè¤‡ç¿’çš„èª²ç¨‹ä¸Šï¼Œå­¸ç”Ÿçš„å°ˆå¿ƒåº¦å°±è¦è‡ªè¡ŒæŽŒæŽ§ã€‚","2017-09-19 16:18:39"
"Co-design activity 1_Group 3","Co-design activity 1_Group 3","1","å¯ä»¥æŠŠè‡ªå·±æƒ³åƒçš„ç•«é¢æŠ•å½±å‡ºä¾†ï¼Œè®“åˆ¥äººæ¸…æ¥šæ˜Žç™½ã€‚","2017-09-23 22:41:01"
"Co-design activity 1_Group 3","Co-design activity 1_Group 3","1","3Dæ•™æï¼Œex. çœ‹è¦‹åŒ–å­¸éµã€é‡åŠ›ç¾è±¡","2017-09-23 22:41:59"
"Co-design activity 1_Group 3","Co-design activity 1_Group 3","1","å½±éŸ³æ•™æï¼Œ è«‡åˆ°èœœèœ‚å¦‚ä½•æ“”ä»»èŠ±ç²‰å‚³æ’­çš„åª’ä»‹ã€DNAçµæ§‹æ˜¯å¦‚ä½•ã€æ…§æ˜Ÿæ’žåœ°çƒçš„æ¨¡æ“¬å½±éŸ³ç­‰ã€‚","2017-09-23 22:42:41"
"Co-design activity 1_Group 3","Co-design activity 1_Group 3","1","è€å¸«æ•™å­¸è©•é‡ç¶²è·¯å¹³å°ï¼Œè€å¸«æ¯å ‚èª²å¯ç¾å ´äº†è§£å­¸ç”Ÿå­¸æœƒäº†æ²’ï¼Ÿé•·æœŸè¿½è¹¤è¨˜éŒ„ã€‚","2017-09-23 22:43:13"
"Co-design activity 1_Group 3","Co-design activity 1_Group 3","1","æ–°æ•™å¸«æ•™å­¸è¨“ç·´æŠ€è¡“ï¼Œæ–°æ‰‹æ•™å¸«é€éŽè»Ÿé«”ç·´ç¿’ã€é«”é©—å„ç¨®å­¸ç”Ÿåæ‡‰åŠå°æ‡‰æ–¹é‡ã€‚","2017-09-23 22:43:36"
"Co-design activity 1_Group 3","Co-design activity 1_Group 3","1","å¢žåŠ å„åœ‹æœ€æ–°æ¶ˆæ¯çš„èª²ç¨‹","2017-09-23 22:43:59"
"Co-design activity 1_Group 3","Co-design activity 1_Group 3","2","å³æ™‚å›žé¥‹ï¼Œç•¶å­¸ç”Ÿé‡åˆ°å•é¡Œï¼Œä¸æœƒæœ‰æ‰¾ä¸åˆ°è§£ç­”çš„æ™‚å€™ã€‚","2017-09-23 22:44:20"
"Co-design activity 1_Group 3","Co-design activity 1_Group 3","2","èª²æ¡Œæ¤…é€éŽæ¨¡å¼åˆ‡æ›å¯è‡ªå‹•åŒ–ç§»å‹•ï¼Œæ¨¡å¼1:å€‹äººåº§æ¤…ï¼Œæ¨¡å¼2:å°çµ„è¨Žè«–ã€‚","2017-09-23 22:44:38"
"Co-design activity 1_Group 3","Co-design activity 1_Group 3","2","å¯ç¸®å°æ”¾å¤§ä¹‹ç­†é›»ï¼Œå¤§çš„ç”¨é€”ç‚ºæ–¹ä¾¿è§€çœ‹ï¼Œå°çš„ç”¨é€”ä½¿æ”œå¸¶æ–¹ä¾¿ã€‚","2017-09-23 22:45:09"
"Co-design activity 1_Group 3","Co-design activity 1_Group 3","2","å­¸ç¿’åŒä¼´(æ©Ÿå™¨äºº)ï¼Œå¹«åŠ©å­¸ç¿’è€…å­¸ç¿’ã€‚","2017-09-23 22:45:45"
"Co-design activity 1_Group 3","Co-design activity 1_Group 3","2","å¦‚æžœå°‡æŽˆèª²å…§å®¹éŒ„èµ·ä¾†æˆ–æ˜¯é€éŽç›´æ’­ï¼Œè®“å­¸ç”Ÿèƒ½åœ¨èª²å¾Œè¤‡ç¿’èª²ç¨‹ã€‚
å†çµåˆæ•™å­¸è©•é‡ç¶²è·¯å¹³å°ï¼Œè€å¸«èƒ½é€éŽæ­¤å¹³å°äº†è§£å­¸ç”Ÿå­¸ç¿’é€²åº¦ã€‚","2017-09-25 16:28:15"
"Co-design activity 1_Group 3","Co-design activity 1_Group 3","2","ç¾åœ¨æœ‰é¡žä¼¼çš„æ¦‚å¿µä¸éŽæ˜¯æ‰‹æ©Ÿï¼‹æŠ•å½± å¯ä»¥ä½œçˆ²åœ˜é«”è¨Žè«–åŠå€‹äººä½¿ç”¨æ–¹ä¾¿
Image -> https://kf6.ikit.org//attachments/599c26851226781b09026d59/59c8bef36517c41deebbe677/1/2012070504200554140.jpg","2017-09-25 16:30:42"
"Co-design activity 1_Group 3","Co-design activity 1_Group 3","2","æƒ³åƒçš„ç•«é¢æ„Ÿè¦ºæœ‰é»žæŠ½è±¡ï¼ŒæŠ•å½±å‡ºä¾†çš„æœªå¿…è·Ÿä½œè€…æ‰€æƒ³è¡¨é”çš„å®Œå…¨ç›¸åŒã€‚","2017-09-25 16:32:36"
"Co-design activity 1_Group 3","Co-design activity 1_Group 3","2","ä¹Ÿè¨±å¯ä»¥å°‡ç·šä¸Šæ•™å­¸å¹³å°æ•´åˆæˆä¸€å€‹å­¸ç¿’åŒä¼´ä¸åƒ…å¯ä»¥å¹«åŠ©å­¸ç¿’ï¼Œä¹Ÿå¯ä»¥åŒæ™‚æ”¶é›†ä½¿ç”¨è€…çš„å­¸ç¿’è³‡æ–™","2017-09-25 16:34:09"
"Co-design activity 1_Group 3","Co-design activity 1_Group 3","2","å¯ä»¥å¢žåŠ ä¸€å€‹å±¬æ–¼è‡ªå·±çš„äººç‰©è§’è‰²ï¼Œæˆ–æ˜¯è™›æ“¬è§’è‰²æŒ‡å°Žå“¡ã€‚","2017-09-25 16:34:21"
"Co-design activity 1_Group 3","Co-design activity 1_Group 3","2","æ¤…å­è¨­è¨ˆä¸Šæœƒéœ€è¦è¼•è–„åŒ–æ‰æ–¹ä¾¿æŽ§åˆ¶ç§»å‹•ã€‚
å¦å¤–æœƒéœ€è¦æœ‰å€‹è»Œé“æˆ–æ˜¯é¡žä¼¼ç£æµ®åˆ—è»Šçš„æ–¹å¼é€²è¡Œç§»å‹•","2017-09-25 16:37:23"
"Co-design activity 1_Group 3","Co-design activity 1_Group 3","2","å¦‚æžœæ˜¯ç«‹é«”å½±åƒæŠ•å½±çš„è©±ï¼Œæœƒéœ€è¦æœ‰3Dæ•™æï¼Œé‚£éº¼é¦–å…ˆæ•™å¸«å°±éœ€è¦æ“æœ‰é€™äº›æ•™ææ‰è¡Œã€‚","2017-09-25 16:40:54"
"Co-design activity 1_Group 3","Co-design activity 1_Group 3","3","è®Šå½¢é‡‘å‰›çš„æ¦‚å¿µ?!","2017-09-25 19:49:43"
"Co-design activity 1_Group 3","Co-design activity 1_Group 3","3","è®“ç­†é›»oræ‰‹æ©Ÿè–„åˆ°è·Ÿç´™ä¸€æ¨£å¯ä»¥æ‘ºç–Šï¼Œé¡žä¼¼æ‘ºç´™ä¸€æ¨£ã€‚
Image -> https://kf6.ikit.org//attachments/599c26851226781b09026d59/59c92f906517c41deebbf526/1/0GflDEsLlx.jpg
Image -> https://kf6.ikit.org//attachments/599c26851226781b09026d59/59c92fb06517c41deebbf531/1/0914-2a.jpg","2017-09-26 00:24:16"
"Co-design activity 1_Group 3","Co-design activity 1_Group 3","2","å¯ä»¥å»ºç«‹ä¸€å€‹è³‡æ–™åº«ï¼Œè¨˜éŒ„å­¸ç”Ÿè©•é‡ï¼Œå†é€éŽå¤§æ•¸æ“šåˆ†æžå¾Œï¼Œè®“å­¸ç”Ÿæ›´åŠ æ¸…æ¥šè‡ªå·±ä¸è¶³çš„åœ°æ–¹ï¼Œç„¶å¾ŒåŠ å¼·ï¼Œå¯ä»¥ç¯€çœæ›´å¤šæ™‚é–“ï¼Œå°ç—‡ä¸‹è—¥ã€‚","2017-09-26 00:35:14"
"Co-design activity 1_Group 3","Co-design activity 1_Group 3","3","èƒ½å¤ ä½¿ç”¨ç«‹é«”å½±åƒåšå¯¦é©—ï¼ŒæŠ•å°„å½±åƒèƒ½å¤ ç›´æŽ¥äº’å‹•
Image -> https://kf6.ikit.org//attachments/599c26851226781b09026d59/59c0c3a380921b270a9486b9/1/3.PNG","2017-09-26 10:34:48"
"Co-design activity 1_Group 3","Co-design activity 1_Group 3","2","ä¸€å€‹è»Ÿé«”å¯ä»¥é¦¬ä¸Šè®“å­¸ç”Ÿæå•ï¼Œé›»è…¦èƒ½é¦¬ä¸Šè§£ç­”","2017-09-26 10:50:53"
"Co-design activity 1_Group 3","Co-design activity 1_Group 3","3","é¡žä¼¼æ“´å¢žå¯¦å¢ƒæ‡‰ç”¨
Image -> https://kf6.ikit.org//attachments/599c26851226781b09026d59/59c0c07b80921b270a947e73/1/1.PNG","2017-09-27 17:30:20"
"Co-design activity 1_Group 3","Co-design activity 1_Group 3","2","é™¤äº†æ¸›å°‘åŸŽé„‰å·®è·ã€èƒ½å¤ å­¸ç¿’é™¤äº†æœ¬åœ°ä»¥å¤–çš„çŸ¥è­˜ä»¥å¤–ï¼Œæˆ‘å€‘æƒ³åœ¨æœªä¾†æ•™å®¤ä¸­ï¼Œå­¸ç”Ÿå¯ä»¥ä¸€èµ·å…±åŒå­¸ç¿’æ›´å¤šåœ‹éš›åŒ–çš„çŸ¥è­˜ï¼Œä¸¦ä¸”å¢žåŠ åœ‹éš›é–“çš„äº¤æµï¼Œå› è€Œä½¿ç”¨å¤šäººè¦–è¨Šé€²è¡Œé è·é›¢æ•™å­¸ï¼Œç•¶ç„¶ï¼Œè‹¥å­¸ç”Ÿæœ‰å•é¡Œæå‡ºï¼Œæ•™å¸«äº¦èƒ½å³æ™‚å›žç­”ã€‚
å­¸ç”Ÿé™¤äº†æœ‰äººå·¥æ™ºæ…§å­¸ç¿’åŒä¼´ä¸€åŒå­¸ç¿’ä¹‹å¤–ï¼Œè¨˜ç­†è¨˜ä¸å†åƒ…é™æ–¼ç´™æœ¬åŠæ–‡æ›¸æ‰“å­—ï¼Œä½¿ç”¨é›»å­å¢¨æ°´èƒ½å¯«èƒ½ç•«ï¼ŒåŒå„•ä¹‹é–“äº¦èƒ½åŠæ™‚å…±äº«ç­†è¨˜ã€‚è€Œä¸”ä¸Šèª²ä¸å†éœ€è¦æ”œå¸¶åŽšé‡çš„æ›¸æœ¬é›»è…¦ï¼Œåªè¦å¸¶è‘—è–„è–„çš„å¯æ²å¼ç­†é›»(OLED)ï¼Œç§»å‹•è‡ªå¦‚ã€‚
è‹¥ä¸Šèª²çš„å¯¦é«”æ•™å®¤ï¼Œéœ€è¦é¢å°é¢é€²è¡Œå°çµ„è¨Žè«–çš„è©±ï¼Œå¯ä»¥é€éŽè‡ªå‹•åŒ–èª²æ¡Œæ¤…æ”¹è®Šæ•™å®¤ï¼Œä¸å†éœ€è¦æ¬å‹•æ¡Œæ¤…ã€‚
æ•™å¸«åœ¨æ•™æçš„ä½¿ç”¨ä¸Šï¼Œè—‰ç”±VRã€ARï¼Œæ•™æä¸å†åªæ˜¯æ­»æ¿çš„å¹³é¢ç´™å¼µï¼Œé€éŽç«‹é«”æŠ•å½±ã€è™›æ“¬æ•™æã€ä½¿å­¸ç”Ÿæ›´æ˜“æ–¼ç†è§£æŽˆèª²å…§å®¹ï¼Œä¸¦èƒ½æ·±å…¥å…¶å¢ƒã€‚
å¦å¤–æ•™å¸«é‚„èƒ½ä½¿ç”¨æ•™å­¸å¹³å°æ‰€æä¾›çš„å­¸ç”Ÿæ•¸æ“šåˆ†æž(åŒ…å«æ•™å­¸å“è³ªçš„æ•¸æ“šåŒ–ç­‰)ï¼Œåˆ†æžå­¸ç”Ÿåœ¨å­¸ç¿’ä¸Šçš„ç‹€æ³ï¼Œä¸¦å°æ–¼æ•™æåšäº›å¾®èª¿æ•´ã€‚","2017-10-02 17:48:14"
"Co-design activity 1_Group 3","Co-design activity 1_Group 3","1","Image -> https://kf6.ikit.org//attachments/599c26851226781b09026d59/59d328024848b42f3d4e3e88/1/22172055_1631327113554919_1807450729_o.jpg","2017-10-03 14:02:02"
"Co-design activity 1_Group 3, riseabove:","Co-design activity 1_Group 3, riseabove:","1","1.éœ€è¦é€éŽå¤ªå¤šæ‰‹å‹¢é€²è¡Œæ“ä½œï¼Œå°æ–¼éƒ¨åˆ†ä½¿ç”¨è€…åˆæ¬¡ä½¿ç”¨ä¸Šï¼Œå¯èƒ½æœƒæœ‰éŽå¤šè³‡è¨Šã€‚
2.å®—æ—¨å»ºç«‹åœ¨è³‡æ–™çš„è™›æ“¬åŒ–èˆ‡é›²ç«¯æŠ€è¡“æ‡‰ç”¨ï¼Œç„¶è€Œéœ€è¦å¤§é‡çš„é¢æ¿è¨­å‚™ï¼Œç‰¹åˆ¥æ˜¯å°æ–¼ç¶“æ¿Ÿè¼ƒä¸ç™¼é”çš„åœ°å€ã€‚","2017-09-19 14:50:32"
"Co-design activity 1_Group 4","Co-design activity 1_Group 4","5","Thermal power plant need more tree.
Information security problem.
More convenient.","2017-09-19 14:45:56"
"Co-design activity 1_Group 4","Co-design activity 1_Group 4","2","Video[A Vison of Students Today]
https://www.youtube.com/watch?v=dGCJ46vyR9o
Article[Trend of Future Classroom]
http://www.huayuworld.org/oldindex/wp-course/99_huayu_seed_plan_digital_course/10/BaiShengqiu.pdf","2017-09-19 14:51:27"
"Co-design activity 1_Group 4","Co-design activity 1_Group 4","1","[ -I think the future classroom will appear in any place you want.- ]","2017-09-19 14:51:45"
"Co-design activity 1_Group 4","Co-design activity 1_Group 4","2","Hi guys,
I found some video in you.
https://www.youtube.com/watch?v=mHb0gcIGueQ (Link->https://www.youtube.com/watch?v=mHb0gcIGueQ)
this technology is very promising.
One Idea which came up when I saw this video is to build smart class, smart campus.
Science teacher and learner no need to do physic experiment, they can build many simulations to stimulate learners.","2017-09-19 14:55:05"
"Co-design activity 1_Group 4","Co-design activity 1_Group 4","1","Protecting Earth.
Informantion War.","2017-09-19 14:56:20"
"Co-design activity 1_Group 4","Co-design activity 1_Group 4","1","According to the Microsoft Future Classroom, I can link some theories with my expeience as follow,
Situated learning
Remote Activity
Seamless Learning
With my imagination, the classroom size in the future will be unlimited.
Students will learn with others from any country, in any time and place.","2017-09-19 14:57:13"
"Co-design activity 1_Group 4","Co-design activity 1_Group 4","1","what you want to learn in toilet?","2017-09-19 14:58:21"
"Co-design activity 1_Group 4","Co-design activity 1_Group 4","1","The tiles of the toilet will appear English words that I want to recite,understand?","2017-09-19 15:03:22"
"Co-design activity 1_Group 4","Co-design activity 1_Group 4","3","The idea in this video is to build the smart board. no need to bring heavy latop or ordinary books to class.","2017-09-19 15:04:11"
"Co-design activity 1_Group 4","Co-design activity 1_Group 4","5","what else? something special?","2017-09-19 15:08:01"
"Co-design activity 1_Group 4","Co-design activity 1_Group 4","1","Agree!!!!
You can learn whereever and whatever you want. But again you need to consider may things before you conduct ubiquitous learning. if you wanna use technology on it, you need to decide what kind of technology you use or not? offline or online.","2017-09-19 15:09:20"
"Co-design activity 1_Group 4","Co-design activity 1_Group 4","1","[ -ubiquitous- ] not beLimited in toilet","2017-09-19 15:09:58"
"Co-design activity 1_Group 4","Co-design activity 1_Group 4","4","but in that video, i think there is nogroup anymore. everybody learn by themselves using technology. it will let our distance more far away.","2017-09-19 15:13:20"
"Co-design activity 1_Group 4","Co-design activity 1_Group 4","4","I also think information security problemis important.","2017-09-19 15:13:33"
"Co-design activity 1_Group 4","Co-design activity 1_Group 4","5","So doyou think use network more is good for our earth?
But when we are using technology resourse, we are also manufaturing something harmful, don't we?
How learning system make information war?","2017-09-19 15:16:48"
"Co-design activity 1_Group 4","Co-design activity 1_Group 4","4","Sure Security problem is important. This security topic is to wide.","2017-09-19 15:17:23"
"Co-design activity 1_Group 4","Co-design activity 1_Group 4","1","There is a part of the video, students from different countries through the big screen communication.","2017-09-19 15:20:07"
"Co-design activity 1_Group 4","Co-design activity 1_Group 4","1","and your classmate's age maybe from 5 years to 80 years old.
so when they are change experience can make different thinking.","2017-09-19 15:20:12"
"Co-design activity 1_Group 4","Co-design activity 1_Group 4","2","Science and technology have been directly or indirectly affect the human thinking mode and life patterns, accompanied by the results of the social system structure and the rapid changes in production methods, the entire social system and cultural aspects have had an impact.
Negative impact is to destroy the original nature of the ecological, and rest cycle.","2017-09-19 15:21:46"
"Co-design activity 1_Group 4","Co-design activity 1_Group 4","5","can you give me more example?
how about math teacher?","2017-09-19 15:25:07"
"Co-design activity 1_Group 4","Co-design activity 1_Group 4","1","Programming is more important nowðŸ˜‚ðŸ˜‚ðŸ˜‚","2017-09-19 15:25:41"
"Co-design activity 1_Group 4","Co-design activity 1_Group 4","5","how we prevent technology to bring the gap between person to person or comunity, sociality? again train the person. use the technology at right place , the right time.","2017-09-19 15:27:15"
"Co-design activity 1_Group 4","Co-design activity 1_Group 4","1","Sure I'll explain F2. it's difficult to explain by words.","2017-09-19 15:28:54"
"Co-design activity 1_Group 4","Co-design activity 1_Group 4","3","your best teacher is here:
https://www.google.com.tw/","2017-09-19 15:31:33"
"Co-design activity 1_Group 4","Co-design activity 1_Group 4","5","maybe the ''group'' is personal idea?","2017-09-19 15:31:41"
"Co-design activity 1_Group 4","Co-design activity 1_Group 4","3","I think isthe whole universe, including aliensðŸ‘½ðŸ‘¾ðŸ‘½ðŸ‘¾ðŸ‘½","2017-09-19 15:32:34"
"Co-design activity 1_Group 4","Co-design activity 1_Group 4",,"Be a family ðŸ˜†ðŸ™ŒðŸ™ŒðŸ™ŒðŸ™ŒðŸ™Œ","2017-09-19 15:34:40"
"Co-design activity 1_Group 4","Co-design activity 1_Group 4",,"Keep âš¡âš¡âš¡âš¡âš¡âš¡ power on","2017-09-19 15:36:52"
"Co-design activity 1_Group 4","Co-design activity 1_Group 4","2","If our mind are good and kind,we will use the technology to improve our environment ,earth and life
But if we are bad guys,someone maybe will use technology to be the crime and destroy and break something","2017-09-19 16:10:04"
"Co-design activity 1_Group 4","Co-design activity 1_Group 4","4","About internet addiction,we need to prevent it.
3C products have already impacted our life somuch","2017-09-23 16:01:45"
"Co-design activity 1_Group 4","Co-design activity 1_Group 4","1","In my opinion, sure network would have harm effects but the things we need to do now is how we prevent it? maybe you can build a strong protection/ security system for network.","2017-09-26 13:23:40"
"Co-design activity 1_Group 4","Co-design activity 1_Group 4","1","I think, train the people to use the right of the network learning from the beginning should be reduce network violation.","2017-09-26 13:32:04"
"Co-design activity 1_Group 4","Co-design activity 1_Group 4","1","Yeah! If they want to learn ,they can learnanywhere!","2017-09-26 13:34:20"
"Co-design activity 1_Group 4","Co-design activity 1_Group 4","6","1. Augmented Reality (AR)
2. 3D Printing
3. Cloud Computing
4. Online Social Networking
5. Flexible Displays
6. Biometrics: Eye Tracking
7. Multi-Touch LCD Screens
8. Game-Based Learning","2017-09-26 13:34:21"
"Co-design activity 1_Group 4","Co-design activity 1_Group 4","2","yes. I also think maybe in the future, we just wear glass to see and we know the information about the object.","2017-09-26 13:34:43"
"Co-design activity 1_Group 4","Co-design activity 1_Group 4","2","Google can answer your questions but not at all. you need human to teach you. so Google is not a best teacher. it just one of good way to learn. the other reason is some times google does not always provide the truth.","2017-09-26 13:54:53"
"Co-design activity 1_Group 4","Co-design activity 1_Group 4","3","1.The interactive interface is ubiquitous
2.Information transfer becomes easy
3.Earth Village Classroom
VR ( Virtual Reality ) è™›æ“¬å¯¦å¢ƒ
AR ( Augmented Reality ) æ“´å¢žå¯¦å¢ƒ
SR ( Substitutional Reality ) æ›¿ä»£å¯¦å¢ƒ
MR ( Mixed Reality ) æ··åˆå¯¦å¢ƒ
the four point will make the learning happen anywhere","2017-09-26 14:17:08"
"Co-design activity 1_Group 4","Co-design activity 1_Group 4","2","one part:
refine our design
Design for future learning
make some summary note
second part:
the number of the paper up to our group member.
note something member's question
knowledge building
discuss each other
group view
write down everything what you understood!","2017-09-26 16:44:23"
"Co-design activity 1_Group 4","Co-design activity 1_Group 4","2","Future classroom is the way we learn in the future.
In my opinion, I would like to have class room which provide supervision (ex. white board, books, and even the equipment for doing physical experiment).
every news about students improvement and achievement should be update every seconds. students can check it directly.","2017-10-03 12:57:28"
"Co-design activity 1_Group 4","Co-design activity 1_Group 4","1","AI thinking:
How to design robot thinking will be one of based education subjects for everyone and implement from childhood.","2017-10-03 13:07:56"
"Co-design activity 1_Group 4","Co-design activity 1_Group 4","2","Maybe we can apply some technologies to support your ideas:
1. Augmented Reality (AR)
2. 3D Printing
3. Cloud Computing
4. Online Social Networking
5. Flexible Displays
6. Biometrics: Eye Tracking
7. Multi-Touch LCD Screens
8. Game-Based Learning","2017-10-03 13:08:09"
"Co-design activity 1_Group 4","Co-design activity 1_Group 4","1","AR lets student scout the night sky for constellations .","2017-10-03 13:21:52"
"Co-design activity 1_Group 4","Co-design activity 1_Group 4","1","3D Printing can apply in many subjects.
For Department of Medcine students, they can practice surgery with organs which made of 3D printing again and again.
For industrial design students, they can easily implement products with this technology.
Not only for specific learners. In future classroom, students' thinking will not limited by textbooks. They can create what they want, even actually present it.","2017-10-03 13:23:29"
"Co-design activity 1_Group 4","Co-design activity 1_Group 4","2","Using this technology, a teacher can design an activity to let all the students join the activity at the same time. For example, a teacher gives one question show on the LCD, students can answer the question at the same time and also see other students' answer.","2017-10-03 13:27:59"
"Co-design activity 1_Group 4","Co-design activity 1_Group 4","2","Note-taking on memo pads is still very much alive during the lectures. therefore, in future classroom we may use paper thin smartphones--&gt;e-papers are not only durable('unbreakable'), but also provides interactivity. with swipes, taps and pinching, these flexible paper-thin display can take over paper-centric indudtries. By using this technology students can take note easier without carry out heavy tablet, laptop and traditional note book.","2017-10-03 13:31:29"
"Co-design activity 1_Group 4","Co-design activity 1_Group 4","1","Educational game:
All types of games may be used in an educational environment. Educational games aregames that are designed to help people to learn about certain subjects, expand concepts, reinforce development, understand a historical event or culture, or assist them in learning a skill as they play.
Game-based learning (GBL) is a type ofgame play (Link->https://en.wikipedia.org/wiki/Game_play)
that has defined learning outcomes. Generally, game-based learning is designed to balance subject matter with gameplay and the ability of the player to retain, and apply said subject matter to the real world.Asystematic review (Link->https://en.wikipedia.org/wiki/Systematic_review)
investigated the effects of educational games for
mental health students:
Current very limited evidence suggests educational games could help mental health students gain more points in their tests, especially if they have left revision to the last minute. The one salient study should be refined and repeated.","2017-10-03 13:34:38"
"Co-design activity 1_Group 4","Co-design activity 1_Group 4","1","Students can use of the screen and it will capture eye movements, engaging in Gaze Interaction,to assess how students learn by getting details.","2017-10-03 13:41:07"
"Co-design activity 1_Group 4","Co-design activity 1_Group 4","1","In the future classroom, students may just needan electronic device to access all their homeworkand all other learning resources in the Cloud. This means no more lugging heavy textbooks to school, and having constant access to your reading materials as long as you have an Internet connection.
Such convenience will provide students the freedom to work on their projects or homework anytime and anywhere.The digital library is accessible even when the campus library is not.In fact you can skip hitching a ride there, or to the bookstore or even to class (but being sick may no longer be an acceptable excuse to skip â€œattendingâ€ class from your bedroom).
An Online Learning Opportunity

Take for example, the concept of cloud-basedvirtual learning environment (VLE) (Link->http://en.wikipedia.org/wiki/Virtual_learning_environment)
, which allows students to access learning content and participate in discussions in forums.Assignments or even tests can also be easily disseminatedto the class, minimizing the need for students to be physically present, but to encourage interaction and discussion, educators require another channel.","2017-10-03 13:43:37"
"Co-design activity 1_Group 5","Co-design activity 1_Group 5","1","[ - æœªä¾†çš„æ•™å®¤å°‡æœƒä½¿å­¸ç¿’è®Šå¾—æ›´åŠ ä¾¿åˆ©è€Œä¸”ä¸å—åˆ°æ™‚ç©ºçš„é™åˆ¶ï¼Œä½¿å­¸ç¿’çš„æ©Ÿæœƒè®Šå¾—æ›´åŠ å»£æ³›ã€éš¨æ™‚éš¨åœ°ã€‚- ]","2017-09-19 14:50:05"
"Co-design activity 1_Group 5","Co-design activity 1_Group 5","1","å¯ä»¥é€éŽçœ¼é¡çµåˆæ··åˆå¯¦å¢ƒ(MR) ï¼Œèˆ‡ç¾å¯¦ç”Ÿæ´»ä¸­çš„ç‰©ä»¶äº’å‹•","2017-09-19 14:51:39"
"Co-design activity 1_Group 5","Co-design activity 1_Group 5","1","å³æ™‚çš„å›žé¥‹å¯ä»¥è®“è€å¸«çŸ¥é“æ•™å­¸æƒ…æ³
https://www.youtube.com/watch?v=mPUfwX4Nqy8","2017-09-19 14:53:27"
"Co-design activity 1_Group 5","Co-design activity 1_Group 5","1","ç§‘æŠ€è®“è³‡è¨Šå¯è¢«å¿«é€Ÿçš„ç´€éŒ„ä¸¦ä¸”å‘ˆç¾åœ¨ä»»ä½•åœ°æ–¹","2017-09-19 14:54:53"
"Co-design activity 1_Group 5","Co-design activity 1_Group 5","1","åˆ©ç”¨VRæŠ€è¡“ çµåˆè¡Œå‹•è£ç½® ä¸ç®¡åˆ°å“ªéƒ½å¯ä»¥é€²è¡Œå­¸ç¿’","2017-09-19 15:00:46"
"Co-design activity 1_Group 5","Co-design activity 1_Group 5","1","[ - å› æ­¤è³‡è¨Šæ›´å®¹æ˜“è¢«ä¿å­˜ä¸‹ä¾†- ]","2017-09-19 15:01:01"
"Co-design activity 1_Group 5","Co-design activity 1_Group 5","1","å¾žå½±ç‰‡ä¸­ä¹Ÿå¯çœ‹åˆ°ç§‘æŠ€å¯ä»¥è®“æ•™å­¸æ™‚æœ‰å³æ™‚å’Œå¤šæ¨£æ€§çš„çŸ¥è­˜å‘ˆç¾èˆ‡æµé€šã€‚","2017-09-19 15:02:59"
"Co-design activity 1_Group 5","Co-design activity 1_Group 5","1","å¯ä»¥æ¥µå¤§æé«˜è€å¸«çš„æ•ˆçŽ‡ï¼Œå¹«åŠ©å…¶è­˜åˆ¥å‡ºæœ‰é–±è®€éšœç¤™å’Œé¡¯ç¤ºå‡ºéžå‡¡å¤©åˆ†çš„å­¸ç”Ÿ","2017-09-19 15:04:48"
"Co-design activity 1_Group 5","Co-design activity 1_Group 5","1","ä¸¦ä¸”é€šéŽç¾ä»£ç¶²è·¯æŠ€è¡“çš„é€²æ­¥ï¼Œå­¸ç”Ÿé–“èƒ½åˆ†äº«å„è‡ªçš„æƒ³æ³•ï¼Œé”åˆ°ç›¸äº’å­¸ç¿’çš„æ•ˆæžœ","2017-09-19 15:08:14"
"Co-design activity 1_Group 5","Co-design activity 1_Group 5","2","æ˜¯çš„ ä¹‹å¾Œé‹ç”¨å¤§æ•¸æ“šå°±å¯é‡å°ä¸åŒå­¸ç”Ÿè¨­è¨ˆæ•™å­¸ç­–","2017-09-19 15:08:23"
"Co-design activity 1_Group 5","Co-design activity 1_Group 5","2","æ²’éŒ¯æˆ‘ä¹Ÿæ˜¯é€™éº¼æƒ³çš„ï¼Œå­¸ç¿’å°‡è®Šå¾—æ›´æœ‰æ•ˆçŽ‡","2017-09-19 15:09:39"
"Co-design activity 1_Group 5","Co-design activity 1_Group 5","3","æ˜¯åƒé€™æ¨£å—Ž?
https://www.youtube.com/watch?v=kg3CcaAgnUM","2017-09-19 15:11:06"
"Co-design activity 1_Group 5","Co-design activity 1_Group 5","1","é€éŽå¤§æ•¸æ“šåˆ†æžï¼Œè¨˜éŒ„å­¸ç”Ÿæ­·ç¨‹ï¼Œåˆ†æžå‡ºæœ€å­¸ç”Ÿæœ€æœ‰æ•ˆçš„æ•™å­¸æ³•ã€‚","2017-09-19 15:11:55"
"Co-design activity 1_Group 5","Co-design activity 1_Group 5","2","åœ¨é€™å¤§æ•¸æ“šçš„ä¸–ç•Œè£¡ï¼Œä»¥å¾Œçš„å­¸ç”Ÿçš„å„é …å­¸ç¿’ï¼Œéƒ½æ˜¯æœƒè¢«æ•¸å€¼æ‰€å®šç¾©ï¼Œå› æ­¤ï¼Œæ¯å€‹å­¸ç”ŸåŽ»é‹ç”¨åƒæ˜¯''VRæŠ€è¡“''ï¼Œè®“åœ¨ä¸€å€‹æ•™å®¤ä¸­ï¼Œä¹Ÿå¯ä»¥é”åˆ°æ•ˆæžœ","2017-09-19 15:15:02"
"Co-design activity 1_Group 5","Co-design activity 1_Group 5","1","æ²’éŒ¯! å¯ä»¥é€²è¡Œç„¡æ‰€ä¸åœ¨çš„å­¸ç¿’ï¼Œè®“æ•™å­¸æ›´æœ‰è¶£^^","2017-09-19 15:15:35"
"Co-design activity 1_Group 5","Co-design activity 1_Group 5","1","æ‹‰è¿‘å­¸ç”Ÿèˆ‡è€å¸«åœ¨ä¸Šèª²æ™‚çš„è·é›¢","2017-09-19 15:18:17"
"Co-design activity 1_Group 5","Co-design activity 1_Group 5","1","é€éŽMR è·Ÿç”Ÿæ´»ä¸­çš„ç‰©å“äº’å‹•ï¼Œå³æ™‚é¡¯ç¤ºè‹±æ–‡å–®å­—åŠç™¼éŸ³ï¼Œè®“è‹±æ–‡æ›´åŠ åœ°èžå…¥ç”Ÿæ´»","2017-09-19 15:18:33"
"Co-design activity 1_Group 5","Co-design activity 1_Group 5","1","å¢žå¼·è€å¸«èˆ‡å­¸ç”Ÿçš„äº’å‹•æ€§","2017-09-19 15:19:57"
"Co-design activity 1_Group 5","Co-design activity 1_Group 5","1","é€éŽç§‘æŠ€è£ç½®æ‡‰ç”¨æ–¼æ•™è‚²ç¾å ´ï¼Œè®“å­¸ç”Ÿèƒ½å¤ å¾žä¸­å­¸ç¿’ï¼Œæ¯”è¼ƒä¸æœƒè®“å­¸ç”Ÿç”¢ç”Ÿæž¯ç‡¥ä¹å‘³çš„å­¸ç¿’","2017-09-19 15:21:08"
"Co-design activity 1_Group 5","Co-design activity 1_Group 5","5","çŸ¥é“æœªä¾†å¤§æ•¸æ“šå°æ¯å€‹ä¸åŒå­¸ç”Ÿçš„é‡è¦æ€§ï¼Œé‚£è¦å¦‚ä½•å¯¦ä½œ?","2017-09-19 15:21:09"
"Co-design activity 1_Group 5","Co-design activity 1_Group 5","2","ç‚ºäº†æ¶ˆé™¤åŸŽé„‰çš„å­¸æ ¡è³‡æºä¸Šçš„è½å·®ï¼Œä½¿ç”¨VR è®“å­¸ç”Ÿä¸€åŒå­¸ç¿’ å—åˆ°å¹³ç­‰çš„æ•™è‚²","2017-09-19 15:23:09"
"Co-design activity 1_Group 5","Co-design activity 1_Group 5","1","æ²’éŒ¯! ä½¿ç”¨VRå¯ä»¥é™ä½Žåé„‰æ•™å­¸çš„é ç®—ï¼Œè®“åé„‰å­¸ç”Ÿäº«æœ‰è·Ÿéƒ½å¸‚ä¸€æ¨£çš„æ•™å­¸è³‡æº","2017-09-19 15:26:23"
"Co-design activity 1_Group 5","Co-design activity 1_Group 5","2","æˆ‘å€‘å¯ä»¥è®“å­¸ç”Ÿé€éŽè³‡è¨Šç§‘æŠ€è£ç½®ä¾†å­¸ç¿’ï¼Œä¸¦è¨˜éŒ„å­¸ç¿’æ­·ç¨‹ï¼Œä¸Šå‚³åˆ°é›²ç«¯ä¸¦é€éŽå¤§æ•¸æ“šåˆ†æž æ‰¾å‡ºéš±è—è³‡è¨Š ï¼Œä¹Ÿå¯ä»¥åˆ©ç”¨AI æœå°‹ä¸–ç•Œå„åœ°çš„å­¸ç¿’æ­·ç¨‹ä¾†åˆ†æž ä¸¦å»ºè­°æ•™å­¸æ³•","2017-09-19 15:31:16"
"Co-design activity 1_Group 5","Co-design activity 1_Group 5","5","å­¸ç”Ÿåœ¨å­¸ç¿’ä¸Šçš„æ•¸å€¼è®ŠåŒ–æ¢ä»¶é›£ä»¥å®šç¾©","2017-09-19 15:34:46"
"Co-design activity 1_Group 5","Co-design activity 1_Group 5","1","è¦æœ‰ç¬¬ä¸€æ¬¡çš„å¯¦æ¸¬ï¼Œé‡å°ç¬¬ä¸€æ¬¡çš„å¯¦æ¸¬ï¼Œåˆ†æžæ¯å€‹å­¸ç”Ÿçš„ç‹€æ³ï¼Œçµ¦äºˆä¸åŒçš„æ•™æï¼Œç•¶æ•¸æ“šåˆ†æžæ¨£æœ¬æ•¸å¤ å¤šï¼Œçµ¦äºˆé©ç•¶æ•™æçš„æº–ç¢ºçŽ‡ç•¶ç„¶æœƒæå‡","2017-09-19 16:10:56"
"Co-design activity 1_Group 5","Co-design activity 1_Group 5","1","VR åŠ ä¸ŠéŠæˆ²è®“å­¸ç”Ÿæ›´æœ‰èˆˆè¶£ï¼Œæ”¹å–„å‚³çµ±æ•™å­¸æ³•ã€‚","2017-09-19 16:15:29"
"Co-design activity 1_Group 5","Co-design activity 1_Group 5","1","VR å¯ä»¥æ‡‰ç”¨æ–¼å„ç¨®æ•™æï¼Œåƒæ˜¯åŒ–å­¸å¯¦é©—ï¼Œæ¸›å°‘å­¸æ ¡æ‰¿æ“”çš„æˆæœ¬","2017-09-19 16:20:07"
"Co-design activity 1_Group 5","Co-design activity 1_Group 5",,"æ˜¯çš„ æ²’æœ‰çµ•å° åªæœ‰æ›´é©åˆ","2017-09-19 16:21:30"
"Co-design activity 1_Group 5","Co-design activity 1_Group 5","1","VRä¹Ÿå¯æ‡‰ç”¨åœ¨ä¸€äº›æˆæœ¬éœ€èŠ±è²»è¼ƒç‚ºæ˜‚è²´çš„é‹å‹•ï¼Œä¾‹å¦‚:é«˜çˆ¾å¤«ã€åˆ’èˆ¹ã€ä¿é½¡çƒï¼›ä½¿å¹³å¸¸ç„¡æ³•æŽ¥è§¸çš„å­¸ç”Ÿï¼Œæœ‰æ©Ÿæœƒé«”é©—é€™é …é‹å‹•","2017-09-19 16:22:19"
"Co-design activity 1_Group 5","Co-design activity 1_Group 5","5","åˆ©ç”¨ç¬¬ä¸€æ¬¡çš„å¯¦æ¸¬ä¾†æ±ºå®šæ•™æçš„è©±ï¼Œæœƒä¸æœƒå°Žè‡´è®Šç›¸æˆç‚ºèƒ½åŠ›åˆ†ç­çš„æƒ…æ³ï¼Ÿå¦‚æžœæ˜¯åœ¨ç›¸åŒçš„æ•™æä¸‹ï¼Œè€å¸«çµ¦äºˆç‰¹å®šå­¸ç”Ÿé¡å¤–çš„è¼”å°Žæœƒä¸æœƒæœ‰æ›´å¥½çš„æˆæ•ˆï¼Ÿ","2017-09-19 16:28:51"
"Co-design activity 1_Group 5","Co-design activity 1_Group 5","2","æ‡‰è©²æ˜¯èªª æ˜¯æŒ‡ä¾ç…§æ¯å€‹å­¸ç”Ÿçš„ç¨‹åº¦çµ¦äºˆé©åˆçš„æ•™æ æ˜¯åœ¨æ•™æçš„çµ¦äºˆä¸Šçš„ä¸åŒ æ²’æœ‰åŽ»å¯¦éš›å€åˆ†å­¸ç”Ÿçš„èƒ½åŠ›","2017-09-19 16:37:09"
"Co-design activity 1_Group 5","Co-design activity 1_Group 5","2","å¯ä»¥çš„ ä½†æœ‰åˆ†å…©éƒ¨åˆ†ï¼Œé‡å°èª²ç¨‹å°éƒ¨åˆ†çš„ç·¨æŽ’æ˜¯å¦¥ç•¶çš„ï¼Œå› ç‚ºï¼Œå­¸ç”Ÿçš„å­¸ç¿’é€²åº¦æœƒæœ‰ä¸åŒ
ç„¶è€Œï¼Œæˆ‘å€‘æ˜¯é‹ç”¨'å¤§æ•¸æ“š'ï¼Œæ˜¯å¸Œæœ›å¯ä»¥æœ‰'æ•´é«”'èª²ç¨‹çš„è¦åŠƒï¼Œæ˜¯ä¸€å€‹å¤§æ–¹å‘ã€‚","2017-09-19 16:41:53"
"Co-design activity 1_Group 5","Co-design activity 1_Group 5","5","å¦‚é€™æ¨£çš„æ–¹å¼æ˜¯æŒ‡èªª å‡è¨­æœ‰ä¸€ç­åœ‹å°ç”Ÿ åˆ†åˆ¥æœƒæ‹¿åˆ°ä¸åŒ(é©åˆè‡ªå·±çš„)æ•™æï¼Œé‚£è€å¸«è©²å¦‚ä½•æ•™èª²å‘¢?","2017-09-26 14:05:49"
"Co-design activity1_ Group 1","Co-design activity1_ Group 1","1","1. VR
2. AR
3. Internet of Things
4. Electronic paper and ink
5. Electronic white boards
6. Touchcreen","2017-09-19 14:44:07"
"Co-design activity1_ Group 1","Co-design activity1_ Group 1","1","I think the future classrooms are too technological, but I can't see the student discussing with each other in the vedio.","2017-09-19 14:44:24"
"Co-design activity1_ Group 1","Co-design activity1_ Group 1","1","There is no limit about the time, space, or who you wanna share with.
But maybe the problem will be this: how to cross the gap between the ecnomy and cultrual. All these are based on the technology development and how money.
And there is maybe another hope for our environment. Because all the things can be reused again and again.","2017-09-19 14:48:27"
"Co-design activity1_ Group 1","Co-design activity1_ Group 1","1","1. Anytime.
2. Anywhere.
3. Communicating with anyone.","2017-09-19 14:49:46"
"Co-design activity1_ Group 1","Co-design activity1_ Group 1",,"I agree with you!","2017-09-19 14:53:15"
"Co-design activity1_ Group 1","Co-design activity1_ Group 1","1","I think in the video show us about many activites that we can do in every moment, with each people around the world.
for example, it is about communication in learning activities. In the video, every one can communicate no metter their language. The lenguage can translate otomatis. It will be more interesting if the lenguage doesn't be translated in text but also in sound.","2017-09-19 14:53:39"
"Co-design activity1_ Group 1","Co-design activity1_ Group 1","1","then electric will be important for us to use these devices, but so far, we haven't come out with a better idea for creating energy.","2017-09-19 14:54:27"
"Co-design activity1_ Group 1","Co-design activity1_ Group 1","1","or we can say the future classroom lack face-to-face interaction","2017-09-19 14:59:46"
"Co-design activity1_ Group 1","Co-design activity1_ Group 1","1","That's true! The lack of energy is a big problem for technology . With the need grows up, we have to find some ways to lift the energy growth up. What's more important is we have to get the ''GREEN'' energy!","2017-09-19 15:00:23"
"Co-design activity1_ Group 1","Co-design activity1_ Group 1","1","1. Good (national) energy policy, better be green and sustainable","2017-09-19 15:01:58"
"Co-design activity1_ Group 1","Co-design activity1_ Group 1","1","it will be convenient for students around the world to take the same class and communicate with each other, but the disadventage will be what just like Jane and Cath's opinion, lack of face-to-face interaction.","2017-09-19 15:04:28"
"Co-design activity1_ Group 1","Co-design activity1_ Group 1","2","But interaction is the most important thing in learning process.","2017-09-19 15:07:19"
"Co-design activity1_ Group 1","Co-design activity1_ Group 1","3","Future Classroom and Student Life (Link->https://www.youtube.com/watch?v=reLFdbjZYDI)
e-Classroom: The Future of Education from Huawei (Link->https://www.youtube.com/watch?v=KskZkNOe_qY)","2017-09-19 15:07:35"
"Co-design activity1_ Group 1","Co-design activity1_ Group 1","5","1.how to take advantage of technoloy , but keep the humanity ?
2.and there is another porblem, behind the internet, how much reality will be kept in the end?","2017-09-19 15:08:06"
"Co-design activity1_ Group 1","Co-design activity1_ Group 1",,,"2017-09-19 15:09:08"
"Co-design activity1_ Group 1","Co-design activity1_ Group 1","1","and I think this will have an effect on social interaction. Meybe, they can change someone to be less in their social interaction.","2017-09-19 15:10:31"
"Co-design activity1_ Group 1","Co-design activity1_ Group 1","1","I agree with you.
And the gap maybe make the difference of each country become large to large.
By the way, if these 3C productionbroken, it is a problem how to destroy it.","2017-09-19 15:10:41"
"Co-design activity1_ Group 1","Co-design activity1_ Group 1","4","1. we have a wisdom, technology can not replace all in our life, just use it wisely
2. i dont really undestand what do you mean","2017-09-19 15:12:17"
"Co-design activity1_ Group 1","Co-design activity1_ Group 1","1","1.when everyone just sit and use computer stuff, it's harmful to eyes and something else.
2.stopping 'doing', people will get sick.","2017-09-19 15:14:29"
"Co-design activity1_ Group 1","Co-design activity1_ Group 1","4","thank you for your reply.
the 'reality' I said means when people get on the internet, we usaually just need a 'acount'. so we might not know who is one we really interact with . According to this, some crimes will happen.","2017-09-19 15:18:12"
"Co-design activity1_ Group 1","Co-design activity1_ Group 1",,"So yes, haha. it's not good, healthy is no.1","2017-09-19 15:20:19"
"Co-design activity1_ Group 1","Co-design activity1_ Group 1","5","I think we have a lot of note, please add this symbol in beginning of your note.
(Q) if your note is question
(A) it means we answer about question
(S) means suggestion
(O) means opinion","2017-09-19 15:21:34"
"Co-design activity1_ Group 1","Co-design activity1_ Group 1","1","'how' the interaction goes is important, too.","2017-09-19 15:29:11"
"Co-design activity1_ Group 1","Co-design activity1_ Group 1","5","1. what is 'idea'
hsin:a way of thinking
ika: to think things in an unique way
Damie:
2.
Catherine: There are always improvable ideas,. With time goes by, the world changes, and people's idea about things changes
uun:our creativity of ideas
3. Why ideas are important
Damie: knowledge, information and innovation are built up on ideas
4.
uun:creatively
teacher: In our education, are we guided to think
we can build up an environment for our students to be aware of 'ideas'
5.","2017-09-19 15:39:31"
"Co-design activity1_ Group 1","Co-design activity1_ Group 1","2","with the support of technology (maybe world 1), +
the high multimedia content which are different from the past we called 'text' (maybe world 2), +
the Pedagogy both contain two meaing of individualized learning and collaborative learning (maybe world 3) =
Future Classroom","2017-09-26 20:15:12"
"Co-design activity1_ Group 1","Co-design activity1_ Group 1","2","The role of technology will mainly play as an important role in future classroom together with updated pedagogy. Multimediaâ€™ function will take part as the key connection of learning and sharing with having great quality images, audio and video. While technological development sharply raises, traditional classroom design, strongly approach on text and teacher center approach becomes less motivation for learners. Moreover, to update pedagogy is getting as a strong requirement to match with technological development and high multimedia context.
Technology will create future classroom worldwide that does not need to exit at a particular classroom like being in present time with university/college classrooms. Even in current, university students spend most time in the lab rather than learning in the classroom. Classroom is only place where offer information and guiding how to approach what students want to study. Instructors leads the class by using technology supporting mainly. Thus, it is not deniable that technology will support learners to create their own classroom and learners can learn anytime and anywhere. Online classroom such as Massive Open Online Courses well known MOOC offers different kinds of courses; language, Science, Mathematics and so on, and it is getting popular among those who cannot spend the whole day and cost much. They can do distance learning and micro learning as well and can access free to join Smart classroom, I-classroom and video lectures of learning websites. Some video lectures for micro learning take only three minute for the information what they need to apply at work place. To get a particular skill in any field, the practical work should be more and longer than learning time, so, online learning fulfills such appropriate quality of their job.
In 21<sup>st</sup> century, young generations are quiet familiar with technology even though old generation leg far behind teach movement and still trying to catch up with this unique development. Together with enabling teach, educationist need to update pedagogy to hit the point of the societyâ€™s needs. Future classroom will be different at all with traditional classroom of 20<sup>th</sup> century and the present, the first decade of 21<sup>st</sup> century. Pedagogy should be related with the real problem in the world, so it is a need to support problem solving, innovative project for fair development, collaborative skill, consensus view and how to work together even though learner can learn individually. Individual learning fulfills for personal interesting and need, however, no one can solve the problem alone. Thus, the expectation of pedagogy for future classroom is high, actually how to work together, how to build human behavior better to love in living multi-culture and how to create positive environment to produce more humane beings.
Multimedia context is high even in present, so it will be the highest in near future when the whole world is a classroom. All the information by multi-media is mixing and missing, so the learner need to pick up what they want to learn and how should be approached. The role of instructor who has high tech skill will be an important role for how to use secure and safe in sharing to others and taking data from the others. Critical thinking to analyze information which are right or wrong, reasonable or unreasonable and how to response is very important to create networking society in advance for human value and standard","2017-10-03 14:27:01"
"Community dynamics and Status of C K and P Ideas","Community dynamics and Status of C K and P Ideas","4","1. å¤§å®¶æ²’çœ‹åˆ°ï¼Œå¯èƒ½æ˜¯æ™‚é–“å·®æˆ–poæ–‡çš„ä½ç½®è¢«å¿½ç•¥ã€‚â€”â€”â€”æ˜¯å¦èƒ½æœ‰æé†’åŠŸèƒ½æˆ–å…¶å®ƒ
2. é›¢é¡Œæˆ–å¤±ç„¦ï¼Œå°Žè‡´å¤§å®¶æ²’æƒ³æ³•ï¼Œä½†å¤§å®¶å·²ç¶“çœ‹éŽäº†â€”â€”å¯ä»¥åƒlineé¡¯ç¤ºå·²è®€ã„•ã„¨Ë‹","2017-11-21 16:23:01"
"Community dynamics and Status of C K and P Ideas","Community dynamics and Status of C K and P Ideas","2","è®“ç¤¾ç¾¤æˆå“¡å¯ä»¥ä¸åªå°è­°é¡Œ(ç›®æ¨™)build-onï¼Œä¹Ÿå¯ä»¥é€éŽèŠå¤©å®¤é—œå¿ƒç¤¾ç¾¤æˆå“¡ï¼Œå¢žåŠ å½¼æ­¤æ„Ÿæƒ…ã€‚","2017-11-21 16:23:44"
"Community dynamics and Status of C K and P Ideas","Community dynamics and Status of C K and P Ideas","2","è‹¥build onè¶Šå¤šèƒŒæ™¯åœ–ç‰‡æœƒè¶Šè±å¯Œæ˜¯å¦æœƒè®“å¤§å®¶æ›´æƒ³ã„—ã„¨ã„›Ë‹è²¢ç»","2017-11-21 16:26:07"
"Community dynamics and Status of C K and P Ideas","Community dynamics and Status of C K and P Ideas",,,"2017-11-21 16:26:39"
"Community dynamics and Status of C K and P Ideas","Community dynamics and Status of C K and P Ideas",,,"2017-11-21 16:27:02"
"Community dynamics and Status of C K and P Ideas","Community dynamics and Status of C K and P Ideas","3","äº‹å¯¦ä¸Šæˆ‘å€‘æ‡‰è©²æœƒç›´æŽ¥ä½¿ç”¨lineï¼Œä¸Šé¢é‚„æœ‰è²¼åœ–å¯ä»¥ä½¿ç”¨ï¼Œæœ‰è¨Šæ¯ä¹Ÿèƒ½å³æ™‚é€šçŸ¥ï¼Œä¸ç”¨åƒkfé‚„è¦å†ã„‰ã„¥Ë‰ã„–ã„¨","2017-11-21 16:29:11"
"Community dynamics and Status of C K and P Ideas","Community dynamics and Status of C K and P Ideas",,,"2017-11-21 16:29:51"
"Community dynamics and Status of C K and P Ideas","Community dynamics and Status of C K and P Ideas",,,"2017-11-21 16:30:19"
"Community dynamics and Status of C K and P Ideas","Community dynamics and Status of C K and P Ideas",,,"2017-11-21 16:32:26"
"Community dynamics and Status of C K and P Ideas","Community dynamics and Status of C K and P Ideas",,,"2017-11-21 16:33:01"
"Community dynamics and Status of C K and P Ideas","Community dynamics and Status of C K and P Ideas","3","http://v7v7v7v7v7.pixnet.net/blog/post/43998014-%E5%BC%95%E7%88%86%E5%9C%98%E9%9A%8A%E5%8B%95%E8%83%BD%E3%80%80%E5%BD%B1%E9%9F%BF%E5%9C%98%E9%AB%94%E5%8B%95%E5%8A%9B%E7%9A%84%E5%9F%BA%E6%9C%AC%E5%85%83%E7%B4%A0 (Link->http://v7v7v7v7v7.pixnet.net/blog/post/43998014-%E5%BC%95%E7%88%86%E5%9C%98%E9%9A%8A%E5%8B%95%E8%83%BD%E3%80%80%E5%BD%B1%E9%9F%BF%E5%9C%98%E9%AB%94%E5%8B%95%E5%8A%9B%E7%9A%84%E5%9F%BA%E6%9C%AC%E5%85%83%E7%B4%A0)","2017-11-21 16:33:54"
"Community dynamics and Status of C K and P Ideas","Community dynamics and Status of C K and P Ideas",,,"2017-11-21 16:33:56"
"Community dynamics and Status of C K and P Ideas","Community dynamics and Status of C K and P Ideas","2","ä¾‹å¦‚:æ›´æ–°çš„å‹•æ…‹æé†’ã€ç›®å‰çš„ç¤¾ç¾¤KBç‹€æ…‹","2017-11-21 16:36:01"
"Community dynamics and Status of C K and P Ideas","Community dynamics and Status of C K and P Ideas",,,"2017-11-21 16:36:42"
"Community dynamics and Status of C K and P Ideas","Community dynamics and Status of C K and P Ideas",,,"2017-11-21 16:37:14"
"Community dynamics and Status of C K and P Ideas","Community dynamics and Status of C K and P Ideas",,,"2017-11-21 16:38:25"
"Community dynamics and Status of C K and P Ideas","Community dynamics and Status of C K and P Ideas","5","å¦‚æžœå¤§å®¶çš„ç›®æ¨™ä¸€è‡´ï¼Œæ‡‰è©²å°±æœƒæ›´æœ‰å‡èšåŠ›ã€‚
æ‰€ä»¥æˆ‘æƒ³å•çš„æ˜¯ï¼Œæ€Žæ¨£çš„ä»‹é¢è¨­è¨ˆï¼Œå¯ä»¥å¹«åŠ©å¤§å®¶æ‰¾å‡ºå°æ–¼å•é¡Œçš„å…±è­˜ï¼Ÿ","2017-11-21 16:38:33"
"Community dynamics and Status of C K and P Ideas","Community dynamics and Status of C K and P Ideas",,,"2017-11-28 10:08:30"
"Community dynamics and Status of C K and P Ideas","Community dynamics and Status of C K and P Ideas",,,"2017-11-28 10:11:29"
"Community dynamics and Status of C K and P Ideas","Community dynamics and Status of C K and P Ideas",,,"2017-11-28 10:18:01"
"Community dynamics and Status of C K and P Ideas","Community dynamics and Status of C K and P Ideas","2","Because the KF platform only allows people to come up with ideas, there is no place for members to care for each other and to enhance their feelings.","2017-11-28 12:34:57"
"Community dynamics and Status of C K and P Ideas","Community dynamics and Status of C K and P Ideas","5","Where can voting function be used?","2017-11-28 12:37:31"
"Community dynamics and Status of C K and P Ideas","Community dynamics and Status of C K and P Ideas",,,"2017-11-28 14:07:07"
"Community dynamics and Status of C K and P Ideas","Community dynamics and Status of C K and P Ideas",,,"2017-11-28 14:07:40"
"Community dynamics and Status of C K and P Ideas","Community dynamics and Status of C K and P Ideas",,,"2017-11-28 14:07:57"
"Community dynamics and Status of C K and P Ideas","Community dynamics and Status of C K and P Ideas","6","å„ªï¼šfbçš„ç™¼æ–‡ä»‹é¢å¯ä»¥æ¸…æ¥šçœ‹åˆ°å…§å®¹åœ¨å¯«ä»€éº¼ï¼Œä¹Ÿå¯ä»¥ç›´æŽ¥åœ¨åº•ä¸‹ç•™è¨€ã€‚
ç¼ºï¼šä¸èƒ½æŠŠç›¸é—œè¯çš„POæ–‡æ”¾åœ¨ä¸€èµ·ï¼Œå»ºè­°å¯ä»¥ä½¿ç”¨å–®ä¸€POæ–‡æ¨£æ¿ï¼Œä½†å¯è‡ªç”±ç§»å‹•æ“ºæ”¾ä½ç½®ã€‚","2017-11-28 14:11:09"
"Community dynamics and Status of C K and P Ideas","Community dynamics and Status of C K and P Ideas",,,"2017-11-28 14:13:01"
"Community dynamics and Status of C K and P Ideas","Community dynamics and Status of C K and P Ideas",,,"2017-11-28 14:13:26"
"Community dynamics and Status of C K and P Ideas","Community dynamics and Status of C K and P Ideas",,,"2017-11-28 14:15:27"
"Community dynamics and Status of C K and P Ideas","Community dynamics and Status of C K and P Ideas",,,"2017-11-28 14:16:50"
"Community dynamics and Status of C K and P Ideas","Community dynamics and Status of C K and P Ideas","4","ä¾‹å¦‚å¤§å®¶éƒ½é¸äº†æŸä¸€å€‹ï¼Œåªæœ‰æˆ‘æƒ³é¸å¦ä¸€å€‹ï¼Œè€Œä¸æ•¢é¸ã€‚","2017-11-28 14:17:48"
"Community dynamics and Status of C K and P Ideas","Community dynamics and Status of C K and P Ideas",,,"2017-11-28 14:19:18"
"Community dynamics and Status of C K and P Ideas","Community dynamics and Status of C K and P Ideas",,,"2017-11-28 14:19:37"
"Community dynamics and Status of C K and P Ideas","Community dynamics and Status of C K and P Ideas",,,"2017-11-28 14:21:28"
"Community dynamics and Status of C K and P Ideas","Community dynamics and Status of C K and P Ideas",,,"2017-11-28 14:24:31"
"Community dynamics and Status of C K and P Ideas","Community dynamics and Status of C K and P Ideas","5","æ¨¹ç‹€çµæ§‹çš„æ™‚é–“ç·šæ˜¯è¦é¡¯ç¤ºä»€éº¼å‘¢?æ˜¯æŒ‡å‘ˆç¾è©²nodeçš„build-onæ­·å²ç´€éŒ„å—Ž?
é‚„æ˜¯æŒ‡nodeä¸­çš„ç•™è¨€?(å‰ææ˜¯å¦‚æžœnodeèƒ½ä»¥å›žå¸–çš„æ–¹å¼ç•™è¨€)","2017-11-28 14:25:09"
"Community dynamics and Status of C K and P Ideas","Community dynamics and Status of C K and P Ideas",,,"2017-11-28 14:25:54"
"Community dynamics and Status of C K and P Ideas","Community dynamics and Status of C K and P Ideas",,,"2017-11-28 14:26:01"
"Community dynamics and Status of C K and P Ideas","Community dynamics and Status of C K and P Ideas",,,"2017-11-28 14:26:51"
"Community dynamics and Status of C K and P Ideas","Community dynamics and Status of C K and P Ideas",,,"2017-11-28 14:28:23"
"Community dynamics and Status of C K and P Ideas","Community dynamics and Status of C K and P Ideas",,,"2017-11-28 14:31:04"
"Community dynamics and Status of C K and P Ideas","Community dynamics and Status of C K and P Ideas",,,"2017-11-28 14:36:45"
"Community dynamics and Status of C K and P Ideas","Community dynamics and Status of C K and P Ideas","4","Kf ä¸Šï¼Œçœ‹ä¸å‡ºä¾†å¤§å®¶å°æ¯ä¸€å€‹æ„è¦‹çš„åæ‡‰ï¼Œ
å¦‚æžœå¯ä»¥çœ‹å‡ºå¤§å®¶æ¯”è¼ƒé—œæ³¨çš„ï¼Œä¹Ÿå¯ä»¥å”åŠ©èšé›†ä¸»é¡Œã€‚","2017-11-28 14:55:47"
"Community dynamics and Status of C K and P Ideas","Community dynamics and Status of C K and P Ideas",,,"2017-11-28 14:56:14"
"Community dynamics and Status of C K and P Ideas","Community dynamics and Status of C K and P Ideas",,,"2017-11-28 14:57:38"
"Community dynamics and Status of C K and P Ideas","Community dynamics and Status of C K and P Ideas","2","ä¸€æ˜¯ä»‹é¢è¨­è¨ˆ/æ”¹å–„æ–¹é¢çš„ï¼Œä¸€æ˜¯ç­ç´šç¶“ç‡Ÿ/æ•™è‚²å¿ƒç†æ–¹é¢çš„","2017-11-28 15:00:19"
"Community dynamics and Status of C K and P Ideas","Community dynamics and Status of C K and P Ideas",,,"2017-12-05 14:17:50"
"Community dynamics and Status of C K and P Ideas","Community dynamics and Status of C K and P Ideas",,,"2017-12-12 15:43:34"
"Community dynamics and Status of C K and P Ideas","Community dynamics and Status of C K and P Ideas",,,"2017-12-12 16:40:20"
"KF interface and communication issues","KF interface and communication issues",,,"2017-11-21 16:21:25"
"KF interface and communication issues","KF interface and communication issues",,,"2017-11-28 11:43:51"
"KF interface and communication issues","KF interface and communication issues","4","inconvenient","2017-11-28 11:44:38"
"KF interface and communication issues","KF interface and communication issues",,,"2017-11-28 11:47:05"
"KF interface and communication issues","KF interface and communication issues",,,"2017-11-28 11:48:12"
"KF interface and communication issues","KF interface and communication issues",,,"2017-11-28 12:36:45"
"KF interface and communication issues","KF interface and communication issues",,,"2017-11-28 12:40:08"
"KF interface and communication issues","KF interface and communication issues",,,"2017-11-28 12:46:23"
"KF interface and communication issues","KF interface and communication issues",,,"2017-11-28 13:03:24"
"KF interface and communication issues","KF interface and communication issues",,,"2017-11-28 13:28:38"
"KF interface and communication issues","KF interface and communication issues",,,"2017-11-28 13:29:38"
"KF interface and communication issues","KF interface and communication issues",,,"2017-11-28 13:34:17"
"KF interface and communication issues","KF interface and communication issues",,,"2017-11-28 14:06:37"
"KF interface and communication issues","KF interface and communication issues","4","Current situation and problem.
This functionï¼ˆé€šçŸ¥ï¼‰ should be added newly for the following reasons:
With the current situation, it is not possible to know the situation 4W(when, who, where, what) on the board.
When checking what the board is like, we need to log in every time.
This is not productive and this possibly will cause delay.
Solution:
In order to shoot this problem, implementation of notification function is necessary.","2017-11-28 14:07:22"
"KF interface and communication issues","KF interface and communication issues",,,"2017-11-28 14:14:02"
"KF interface and communication issues","KF interface and communication issues",,,"2017-11-28 14:17:17"
"KF interface and communication issues","KF interface and communication issues",,,"2017-11-28 14:19:03"
"KF interface and communication issues","KF interface and communication issues",,,"2017-11-28 14:23:35"
"KF interface and communication issues","KF interface and communication issues",,"Support issue","2017-11-28 14:24:12"
"KF interface and communication issues","KF interface and communication issues",,,"2017-11-28 14:24:36"
"KF interface and communication issues","KF interface and communication issues",,,"2017-11-28 14:24:46"
"KF interface and communication issues","KF interface and communication issues",,,"2017-11-28 14:25:49"
"KF interface and communication issues","KF interface and communication issues",,,"2017-11-28 14:26:37"
"KF interface and communication issues","KF interface and communication issues","2","student 1 note color will be different with students 2 and so on.","2017-11-28 14:27:08"
"KF interface and communication issues","KF interface and communication issues",,,"2017-11-28 14:28:22"
"KF interface and communication issues","KF interface and communication issues",,,"2017-11-28 14:29:43"
"KF interface and communication issues","KF interface and communication issues",,,"2017-11-28 14:31:10"
"KF interface and communication issues","KF interface and communication issues",,,"2017-11-28 14:31:22"
"KF interface and communication issues","KF interface and communication issues",,,"2017-11-28 14:31:54"
"KF interface and communication issues","KF interface and communication issues",,,"2017-11-28 14:32:35"
"KF interface and communication issues","KF interface and communication issues",,,"2017-11-28 14:33:55"
"KF interface and communication issues","KF interface and communication issues",,,"2017-11-28 14:34:35"
"KF interface and communication issues","KF interface and communication issues",,,"2017-11-28 14:35:05"
"KF interface and communication issues","KF interface and communication issues",,,"2017-11-28 14:36:37"
"KF interface and communication issues","KF interface and communication issues",,,"2017-11-28 14:36:44"
"KF interface and communication issues","KF interface and communication issues",,,"2017-11-28 14:38:36"
"KF interface and communication issues","KF interface and communication issues",,,"2017-11-28 14:42:04"
"KF interface and communication issues","KF interface and communication issues",,,"2017-11-28 14:42:59"
"KF interface and communication issues","KF interface and communication issues",,,"2017-11-28 14:51:08"
"KF interface and communication issues","KF interface and communication issues",,,"2017-11-28 14:55:45"
"KF interface and communication issues","KF interface and communication issues",,,"2017-11-28 14:56:38"
"KF interface and communication issues","KF interface and communication issues",,,"2017-11-28 14:59:51"
"KF interface and communication issues","KF interface and communication issues","2","Add different colorareaå­ç­µåŠ‰","2017-11-28 15:26:35"
"KF interface and communication issues","KF interface and communication issues","6","[5Rs]
1. Real-time Notification Functionsï¼ˆåŠæ™‚é€šçŸ¥æ©Ÿèƒ½
2. Real-time File-Editing, File-Reading via Online File Sharingï¼ˆåŠæ™‚fileç·¨è¼¯ãƒ»é è¦§ãƒ»åˆ†äº«ï¼‰
3. Real-time Language Translationï¼ˆåŠæ™‚èªžè¨€ç¿»è­¯ï¼‰
4. Real-time Opinion Sharingï¼ˆåŠæ™‚æ„è¦‹åˆ†äº«ï¼‰
5. Revisiting messiness of connection branchesï¼ˆé‡æ–°æ€è€ƒç¯€é»žé€£çµçš„æ–¹å¼ï¼‰","2017-12-05 14:56:42"
"KF interface and communication issues","KF interface and communication issues","3","ppt is here (Link->https://docs.google.com/presentation/d/1DAS_5ZiqkR0jMEmnsdQjJWACC_KVBOAMN1oxlhRGfFU/edit?usp=sharing)","2017-12-12 14:41:13"
"Promising ideas and rise above","Promising ideas and rise above","5","How to decide which idea is promising idea among multi-idea posted by group members? How to evaluate that idea is the most appropiate?","2017-11-21 15:57:05"
"Promising ideas and rise above","Promising ideas and rise above",,,"2017-11-21 16:04:37"
"Promising ideas and rise above","Promising ideas and rise above",,,"2017-11-21 16:12:27"
"Promising ideas and rise above","Promising ideas and rise above",,,"2017-11-21 16:14:22"
"Promising ideas and rise above","Promising ideas and rise above","2","Link that could help to figure out.
http://www.heidisiwak.com/2015/02/rise-above-what-does-it-mean-to-be-in-a-knowledge-building-community/","2017-11-21 16:14:24"
"Promising ideas and rise above","Promising ideas and rise above","2","First, we need to determine what are:
1. Promising Idea
2. Rise Above
byreading articles related to it. And proposed a design of technology supported to these issues and integrated both of them.","2017-11-21 16:14:47"
"Promising ideas and rise above","Promising ideas and rise above","1","Build on is the same topic, I think we just find animportant post of building tree.","2017-11-21 16:14:59"
"Promising ideas and rise above","Promising ideas and rise above",,,"2017-11-21 16:16:35"
"Promising ideas and rise above","Promising ideas and rise above","4","we have look carrefully to ''students' understanding'' of promising idea in their age?","2017-11-21 16:17:29"
"Promising ideas and rise above","Promising ideas and rise above","3","like this?
https://research.googleblog.com/2016/08/text-summarization-with-tensorflow.html","2017-11-21 16:18:57"
"Promising ideas and rise above","Promising ideas and rise above",,,"2017-11-21 16:18:58"
"Promising ideas and rise above","Promising ideas and rise above","2","Accroding to the finding of the article I uploaded, the idea that can be classified and further analyzed to have an impact on subsequence discourse is promising idea. So we should calssify and analze whatever is posted in KF; how it impact on what. This makes a wonderful discussion,","2017-11-21 16:20:08"
"Promising ideas and rise above","Promising ideas and rise above",,,"2017-11-21 16:21:07"
"Promising ideas and rise above","Promising ideas and rise above",,,"2017-11-21 16:21:46"
"Promising ideas and rise above","Promising ideas and rise above",,,"2017-11-21 16:21:52"
"Promising ideas and rise above","Promising ideas and rise above","2","The Promising Ideas Tool has three components:
a idea highlightingâ€”
b idea aggregationâ€” and
c idea exportâ€”a user can export selected ideas to a new view for further development","2017-11-21 16:22:51"
"Promising ideas and rise above","Promising ideas and rise above",,,"2017-11-21 16:23:43"
"Promising ideas and rise above","Promising ideas and rise above","1","[ - yes, it is possible. probably, it is not unpromising and my be unclear what he/she wants to design. If we think critcally mort about how his/her idea advance whom- ]","2017-11-21 16:28:09"
"Promising ideas and rise above","Promising ideas and rise above",,,"2017-11-21 16:29:32"
"Promising ideas and rise above","Promising ideas and rise above","1","[ - for children, I thik make them to produce idea is better than judging kid's idea is promising or unpromising - ]","2017-11-21 16:33:31"
"Promising ideas and rise above","Promising ideas and rise above","3","[ - Yes, what a awesome link. google by googlr brain team has develop kind of that system to summarise text. those areExtractive and Abstractive summarization.then they say that is a difficult satasets how toproduce good summaries.- ]","2017-11-22 20:30:48"
"Promising ideas and rise above","Promising ideas and rise above","3","[ -
The Promising Ideas Tool from advancing knowledge building discourse through judgements of promising idea (2015) has three components: 
a idea highlightingâ€”on the left, a student can identify an idea with a customizable highlighting scheme; 
b idea aggregationâ€”in the background window on the right side, all identified promising ideas from a view are listed, with identical or overlapping highlighted segments combined; and 
c idea exportâ€”a user can export selected ideas to a new view for further development (the foreground window on the right). 
And to judge the promising idea, researcher use different type of color.
- ]","2017-11-28 00:09:53"
"Promising ideas and rise above","Promising ideas and rise above","3","That's cool :D
This framework is appropriate to implement to our project. However, we have to find out a special item to include in that platform then that would be ours.","2017-11-28 12:55:34"
"Promising ideas and rise above","Promising ideas and rise above","2","In my oppinion, using Leraning theory (for example Cognitive theory, etc) would be good to deal with that problem which is abour student understanding","2017-11-28 13:06:04"
"Promising ideas and rise above","Promising ideas and rise above","1","Knowledge Forum provides Promising Idea Tool which can sorting and generating new promising ideasabove some.
You can check the feature in the link below:
https://www.youtube.com/watch?v=3nPe6zvXCik (Link->https://www.youtube.com/watch?v=3nPe6zvXCik)","2017-11-28 13:32:57"
"Promising ideas and rise above","Promising ideas and rise above","3","1.Add one kf function about promising idea
2.Add grouping icon in â€œnew noteâ€
(question, new idea, upload file, new information, clarifying)
3.Generate promising idea by choosing","2017-11-28 14:22:41"
"Promising ideas and rise above","Promising ideas and rise above","5","do you agree onseeing ''interestof a group'' and ''relevancy to experts/teachers'' as the factors determing promising ideas?","2017-11-28 14:46:08"
"Promising ideas and rise above","Promising ideas and rise above","1","[ -promising ideas as ideas that:
1. learners wish to spend time on, 
2. may change in further inquiry, and 
3. would deepen their shared understanding- ]","2017-11-28 15:07:09"
"Promising ideas and rise above","Promising ideas and rise above","1","[ - 1) to find solution on some challenge while doing rise above on promising idea/ individual idea
2)- ] think, rethink or post commands to solve this challenge
3) select the most suitable one","2017-11-28 15:12:20"
"Promising ideas and rise above","Promising ideas and rise above","1","It will be easear for community members (learners) if they can identify each posts in Knowledge Forum as ideas, theory, questions or only comments.
[ -ICONING- ]
We need to distinguish idea with comments, questions, theory, or another scaffolding feature by make icons that appear at the main display.","2017-11-28 15:13:51"
"Promising ideas and rise above","Promising ideas and rise above",,"1. A relevant idea of sustainable community interest is classified as a promising idea (Lee 2016)","2017-11-28 15:18:12"
"Promising ideas and rise above","Promising ideas and rise above","1","[ - would deepen their share understanding.
How student can deepen their share understanding. if it is a promissing idea, we can use 'HIGHLIGHTING' and give colour to differenciate between the idea and comment - ]","2017-11-28 15:26:02"
"Promising ideas and rise above","Promising ideas and rise above","2","[ -for example, number of user likes + sum of time of each user reading- ]","2017-11-28 15:31:11"
"Promising ideas and rise above","Promising ideas and rise above","3","For further inquiry and practical process, we need to make one FILTERING TOOL that can sortamounts of ideas and can choose some of them are promising to be developed into another ideas","2017-11-28 15:38:18"
"Promising ideas and rise above","Promising ideas and rise above","2","That is why we need to build-on status","2017-11-28 15:40:17"
"Promising ideas and rise above","Promising ideas and rise above","1","[ -PIs aredefined as those that sustainparticipants in design mode work and that advance knowledge building. Moreover,PIsare those thatstudents wish to spend time on, that may change in further inquiry and that would deepen their shared understanding- ]","2017-12-04 21:28:59"
"Promising ideas and rise above","Promising ideas and rise above","1","[ -questioning, theorising,obtaining information, working with information, synthesising and comparing, supporting discussion- ]","2017-12-04 21:47:13"
"Promising ideas and rise above","Promising ideas and rise above","1","Everypostshould featured by a summary of
1. how many member has read the post,
2. how many memberagree or disagree(so, we can addsome emoticon button:agree, disagree, and questioning),
3. and also how many has build on. And these information displayed at the main frame.
The post with the most viewed and comments will appear in different color and that post could be indicated as a 'Promising Idea'.","2017-12-05 12:53:49"
"Promising ideas and rise above","Promising ideas and rise above",,,"2017-12-05 15:15:58"
"Promising ideas and rise above","Promising ideas and rise above","1","[ -Teacher or leader takes responsibility for synthesizing diverse ideas, identifying common ground, and presenting new challenges. From Knowledge Building Gallery Book- ]","2017-12-05 15:27:55"
"Promising ideas and rise above","Promising ideas and rise above","5","Do we need to create a tool to automatically choose the top ideas on promising idea tool ao just drag and drop manually ?","2017-12-05 15:33:42"
"Promising ideas and rise above","Promising ideas and rise above","6","Everypostshould featured by a summary of
1. how many member has read the post,
2. how many memberagree or disagree(so, we can addsome emoticon button:agree, disagree, and questioning),
3. and also how many has build on. And these information displayed at the main frame.
The post with the most viewed and comments will appear in different color and that post could be indicated as a 'Promising Idea'.","2017-12-05 15:35:50"
"Promising ideas and rise above","Promising ideas and rise above","2","[ - we can used new 'automatics tools' for identified rise above using highligting tools- ]
[ - how to make students clear about the function, so students not confuse wich highlighting for 'idea' and wich one is 'rise above'?- ]","2017-12-05 15:46:14"
"Promising ideas and rise above","Promising ideas and rise above","2","[ - I try to integrate your idea and also joseph idea about Iconing to make we are easy to see, where is the question, idea, comment, or new information. josep give the idea about the name of the iconing before. please kindly see the attachment. :)- ]","2017-12-07 10:16:45"
"Promising ideas and rise above","Promising ideas and rise above","2","[ - there are 4 steps to make rise above:
1. idea generation
2. idea connection
3. idea improvement
4. rise above- ]
[ - According to 4 steps above, we can used function that can explain:
1.what I think before
2. what I think now
3. what we think together
4. what our group belief in this learning- ]","2017-12-11 12:50:34"
"Promising ideas and rise above","Promising ideas and rise above","2","[ - Here's my oppinion about how to make students clearly understand about all the 'Functions'.
1. Teacher can explain about the usefullness of the functions in the very first meeting on the course where student allowed to pay attention to the explanation.
2. Students directly practice how to use the functions guided by teachers
Cheersssss- ]","2017-12-11 12:56:20"
"Promising ideas and rise above","Promising ideas and rise above","2","[ - Basicaly, rise above tool will be useful after define the promising idea. - ]","2017-12-12 10:17:07"
"Promising ideas and rise above","Promising ideas and rise above",,,"2017-12-12 14:20:35"
"Promising ideas and rise above","Promising ideas and rise above","2","Factors determining which clusters are pushed up includes number of notes, words, clicks and participants.","2017-12-12 14:23:58"
"Promising ideas and rise above","Promising ideas and rise above","3","https://www.youtube.com/watch?v=2CrAUcMeObA","2017-12-12 14:30:37"
"Promising ideas and rise above","Promising ideas and rise above","2","1. 'Like' remarks
2. Each note is given different colours based on popularity of each note, which is determined by number of ensuing built-on notes.","2017-12-12 14:33:11"
"Promising ideas and rise above","Promising ideas and rise above",,"Group 2 - Initial Design","2017-12-12 14:37:18"
"Promising ideas and rise above","Promising ideas and rise above","6","[ - there are 6 categories for students' promisingness judgments:
1. formulating question
2. theorizing
3. obtaining information
4. working with information
5. shinthesizing &amp; comparing
6. supporting discussion
- ] 'it can read in page 12'
[ -
according to that, may be we can think that idea can be promising if involve:
1. questioning (as a start of conceptual framework)
2. give theories as information
3. make comparison theori with question &amp; other information (idea)
4. discussing together (agree and dissagree &amp; followed with the reason)
- ]","2017-12-13 12:16:09"
"Promising ideas and rise above","Promising ideas and rise above","2","1.Promining Idea (PI) Selection Schem, characterised by two rounds voting, help decide promising ideas at community level.
2. If we divide the KB process into 3 phases, top 3 ideas that win the highest votes will be labelled as promising in the 1st round voting, which takes place at the end of Phase 1.
Afterwards,  in the 2nd round voting, which takes place at the end of Phase 2, only 1 ideas, which wins the highest votes will be selected and labelled as promising among the 3 promising ideas.","2017-12-17 19:47:25"
"Promising ideas and rise above","Promising ideas and rise above","3","please kindly see the attachment :)","2017-12-24 21:32:06"
